{
  "Component-preload.js": 1741128903968,
  "controller/BaseController.js": 1741126427672,
  "controller/HealthCardForm.controller.js": 1741126427684,
  "controller/ExecutionLogs.controller.js": 1741126427672,
  "model/models.js": 1741126428160,
  "controller/App.controller.js": 1741126427672,
  "manifest.json": 1741128903725,
  "Component.js": 1741126426220,
  "controller/ExecutionLogs-dbg.controller.js": 1741126427672,
  "controller/ExecutionLogs.controller.js.map": 1741128903865,
  "controller/HealthCardForm-dbg.controller.js": 1741126427684,
  "controller/HealthCardForm.controller.js.map": 1741128903883,
  "controller/BaseController-dbg.js": 1741126427672,
  "controller/BaseController.js.map": 1741128903857,
  "model/models-dbg.js": 1741126428160,
  "model/models.js.map": 1741128903854,
  "controller/App-dbg.controller.js": 1741126427672,
  "controller/App.controller.js.map": 1741128903856,
  "Component-dbg.js": 1741126426220,
  "Component.js.map": 1741128903858,
  "i18n/i18n.properties": 1741126429224,
  "Component-preload.js.map": 1741128903968,
  "view/orgUnitValueHelp.fragment.xml": 1741126428676,
  "view/jobValueHelp.fragment.xml": 1741126428648,
  "view/hrPersonnelAreaValueHelp.fragment.xml": 1741126428648,
  "view/groupValueHelp.fragment.xml": 1741126428648,
  "view/employeeGroupValueHelp.fragment.xml": 1741126428676,
  "view/departmentValueHelp.fragment.xml": 1741126428648,
  "view/HealthCardForm.view.xml": 1741126428648,
  "view/ExecutionLogs.view.xml": 1741126428688,
  "view/App.view.xml": 1741126428648,
  "css/style.css": 1741126427216,
  "index.html": 1741126426220
}