{
  "welcomeFile": "/index.html",
  "authenticationMethod": "route",
  "routes": [
    {
      "source": "^/odata/(.*)$",
      "target": "/odata/$1",
      "destination": "DIRECT_SERVICE_BINDING",
      "authenticationType": "xsuaa",
      "csrfProtection": false
    },
    {
      "source": "^/resources/(.*)$",
      "target": "/resources/$1",
      "authenticationType": "none",
      "destination": "ui5"
    },
    {
      "source": "^/test-resources/(.*)$",
      "target": "/test-resources/$1",
      "authenticationType": "none",
      "destination": "ui5"
    },
    {
      "source": "^(.*)$",
      "target": "$1",
      "service": "html5-apps-repo-rt",
      "authenticationType": "xsuaa"

    },
    {
      "source": "^/odata/v4/(.*)$",
      "target": "/odata/v4/$1",
      "authenticationType": "xsuaa",
      "csrfProtection": true,
      "destination": "qelng-srv",
      "scope" : ["XSAPPNAME.User"]
    }
  ]
}
